accredited_date,bbb_rating,business_start_date,company_name,company_types,company_website_url,complaints_l12m,complaints_l36m,customer_rating_avg,customer_review_count,email_address,full_address,phone_number,profile_page_url,days_accredited,numeric_bbb,days_in_operation,score
2012-02-01T00:00:00,A+,1910-01-01T00:00:00,"Schwartz Residential Roofing, A Division of L.E. Schwartz & Son, Inc.",Roofing Contractors,http://www.schwartzroofing.com,0,0,5.0,15.0,,"279 Reid St Macon , GA 31206-1133",(478) 745-6563,https://www.bbb.org/us/ga/macon/profile/roofing-contractors/schwartz-residential-roofing-a-division-of-le-schwartz-son-inc-0743-38407,4279.0,12,41565.0,15.779442363712027
2012-02-01T00:00:00,A+,1910-01-01T00:00:00,"L. E. Schwartz & Son, Inc.",Roofing Contractors| Roofing Consultants,http://www.leschwartz.com,0,0,5.0,4.0,,"279 Reid St Macon , GA 31206-1133",(478) 745-6563,https://www.bbb.org/us/ga/macon/profile/roofing-contractors/l-e-schwartz-son-inc-0743-2550,4279.0,12,41565.0,15.779442363712027
1998-06-12T00:00:00,A+,1988-01-01T00:00:00,Chris Moore Roofing,Roofing Contractors| Siding Contractors| Gutter Contractor,http://www.chrismooreroofing.com,0,0,5.0,1.0,,"619 Henderson Rd Macon , GA 31217-2357",(478) 256-4187,https://www.bbb.org/us/ga/macon/profile/roofing-contractors/chris-moore-roofing-0743-3574,9261.0,12,13076.0,15.77824239724616
2000-01-03T00:00:00,A+,1994-01-01T00:00:00,Crosby Roofing & Seamless Gutters,Roofing Contractors| Siding Contractors| Gutter Contractor,http://www.crosbyroofing.com,0,2,5.0,5.0,,"7628 Hawkinsville Rd Macon , GA 31216-6916",(478) 785-2285,https://www.bbb.org/us/ga/macon/profile/roofing-contractors/crosby-roofing-seamless-gutters-0743-6000037,8691.0,12,10884.0,15.131427251130262
2006-04-19T00:00:00,A+,1995-11-15T00:00:00,"P.A.P. Roofing Contractors, Inc.",Construction Services| Roofing Contractors| Residential Painter,,0,0,5.0,3.0,,"2828 US Highway 41 N Fort Valley , GA 31030-8703",(478) 256-8474,https://www.bbb.org/us/ga/fort-valley/profile/roofing-contractors/pap-roofing-contractors-inc-0743-6000397,6393.0,12,10201.0,14.375389622195556
1997-11-24T00:00:00,A+,1995-01-01T00:00:00,"Bland Roofing Co., Inc.",Roofing Contractors,https://www.blandroofingga.com/,2,3,4.57,7.0,,"3680 Fairmont Ave Macon , GA 31204-2260",(478) 474-0953,https://www.bbb.org/us/ga/macon/profile/roofing-contractors/bland-roofing-co-inc-0743-6013,9461.0,12,10519.0,13.962782373570253
2009-05-23T00:00:00,A+,2000-10-01T00:00:00,Ramos Roofing & Gutters,Roofing Contractors| Construction Services| Painting Contractors ...,https://www.facebook.com/arroyoroofingconstruction/about,0,0,5.0,12.0,,"Warner Robins , GA 31088-6367",(478) 952-0200,https://www.bbb.org/us/ga/warner-robins/profile/roofing-contractors/ramos-roofing-gutters-0743-8352,5263.0,12,8419.0,13.775386814216857
2013-02-12T00:00:00,A+,1999-02-01T00:00:00,Southern Tradition Builders,Fire and Water Damage Restoration| Roofing Contractors| Construction Services ...,,0,0,5.0,1.0,,"127 Dumbarton Dr Macon , GA 31210-6104",(478) 808-6574,https://www.bbb.org/us/ga/macon/profile/building-contractors/southern-tradition-builders-0743-22959,3902.0,12,9027.0,13.25328329474888
2014-08-25T00:00:00,A+,2010-09-01T00:00:00,"Middle Georgia Roofing & Construction, LLC",Construction Services| Roofing Contractors| Plumber ...,http://www.middlegaroofing.com,0,0,5.0,3.0,,"Bonaire , GA 31005-4114",(478) 960-8706,https://www.bbb.org/us/ga/bonaire/profile/roofing-contractors/middle-georgia-roofing-construction-llc-0743-39542,3343.0,12,4797.0,12.712647701699735
2018-07-05T00:00:00,A+,2007-07-01T00:00:00,"Expert Renovation Services, LLC",Fire and Water Damage Restoration| Roofing Contractors| Construction Services ...,http://www.expertrenovationservices.com,0,0,5.0,1.0,,"987 Wesleyan Dr Macon , GA 31210-2207",(478) 501-0102,https://www.bbb.org/us/ga/macon/profile/general-contractor/expert-renovation-services-llc-0743-20224,1933.0,12,5955.0,12.210201548226529
2018-02-15T00:00:00,A+,2016-01-01T00:00:00,Cannon Roofing Company,Construction Services| Roofing Contractors| Plumber ...,http://www.cannonroofingcompany.com,0,0,5.0,1.0,,"70B W Main St Forsyth , GA 31029-1736",(478) 960-9800,https://www.bbb.org/us/ga/forsyth/profile/roofing-contractors/cannon-roofing-company-0743-89440,2073.0,12,2849.0,12.042297007381551
2019-08-27T00:00:00,A+,2010-02-10T00:00:00,"Pro Solutions Roofing, LLC",Roofing Contractors| Construction Services| Painting Contractors ...,http://www.prosolutionsroofing.com,0,0,5.0,1.0,,"1988 Ga Highway 212 W Monticello , GA 31064-8071",(404) 398-2093,https://www.bbb.org/us/ga/monticello/profile/roofing-contractors/pro-solutions-roofing-llc-0443-27607914,1515.0,12,5000.0,11.966713483146068
2018-09-14T00:00:00,A+,2016-08-09T00:00:00,"Duratec Roofing Solutions, LLC",Construction Services| Roofing Contractors| Plumber ...,http://www.duratecroofing.com,0,0,5.0,1.0,,"6017 Ga Highway 11 S Hillsboro , GA 31038-3724",(706) 819-2584,https://www.bbb.org/us/ga/hillsboro/profile/commercial-roofing/duratec-roofing-solutions-llc-0443-27972474,1862.0,12,2628.0,11.938397866340214
2021-10-27T00:00:00,A+,2001-02-04T00:00:00,"Prime Construction Resources, LLC",Construction Services| Roofing Contractors| Residential Painter,http://pcrga.com,0,0,5.0,1.0,,"1812 US-341 South Roberta , GA 31078",(478) 733-6211,https://www.bbb.org/us/ga/roberta/profile/building-and-construction/prime-construction-resources-llc-0743-106360,723.0,12,8293.0,11.876907021562854
2019-08-08T00:00:00,A+,2017-03-08T00:00:00,Central Georgia Roof Repairs,Roofing Contractors| Siding Contractors| Gutter Contractor,https://centralgeorgiaroofrepairs.com/,0,0,5.0,29.0,,"3045 Hartley Bridge Rd STE A Macon , GA 31216-5702",(478) 733-8379,https://www.bbb.org/us/ga/macon/profile/roofing-contractors/central-georgia-roof-repairs-0743-97110,1534.0,12,2417.0,11.786537742061904
2019-09-04T00:00:00,A+,2017-10-16T00:00:00,"Apex Roofing And Remodeling, LLC",Roofing Contractors| Floor Installation| Flooring Contractors ...,http://www.apexroofingga.com,0,1,5.0,8.0,,"433 Simsbury Rdg Macon , GA 31220-8345",(478) 957-1044,https://www.bbb.org/us/ga/macon/profile/roofing-contractors/apex-roofing-and-remodeling-llc-0743-90488,1507.0,12,2195.0,11.634136738462036
2022-12-28T00:00:00,A+,2012-01-01T00:00:00,Sean Payne Roofing & Repairs,Roofing Contractors| Floor Installation| Flooring Contractors ...,,0,0,5.0,17.0,,"Macon , GA 31220-6722",(478) 256-4700,https://www.bbb.org/us/ga/macon/profile/roofing-contractors/sean-payne-roofing-repairs-0743-39628,296.0,12,4310.0,11.409188201237127
,A+,2004-01-01T00:00:00,Gable Masters Roofing,Roofing Contractors| Siding Contractors| Gutter Contractor,http://www.gablemasters.com,0,1,5.0,1.0,,"4019 Ocmulgee East Blvd Macon , GA 31217-5633",(478) 233-1521,https://www.bbb.org/us/ga/macon/profile/roofing-contractors/gable-masters-roofing-0743-28641,,12,7232.0,11.37502427184466
2022-01-24T00:00:00,A+,2020-12-10T00:00:00,SIPM Roofing,Roofing Contractors| Construction Services| Painting Contractors ...,https://www.facebook.com/stanleysinteriorsandprojectmanagement/,0,0,5.0,8.0,,"Barnesville , GA 30204",(470) 303-5972,https://www.bbb.org/us/ga/barnesville/profile/roofing-contractors/sipm-roofing-0443-91820314,634.0,12,1044.0,11.312030178700573
2019-09-04T00:00:00,A+,2018-03-19T00:00:00,"A1 Roofing and Construction, LLC",Roofing Contractors| Construction Services| Painting Contractors ...,https://a1roofingandconstructionmacon.com/,0,0,4.33,6.0,,"101 Tucker Pl Warner Robins , GA 31088-1637",(478) 714-2461,https://www.bbb.org/us/ga/warner-robins/profile/roofing-contractors/a1-roofing-and-construction-llc-0743-93666,1507.0,12,2041.0,10.910423146229027
1997-06-23T00:00:00,A+,1996-08-01T00:00:00,Mid-State Roofing,Roofing Contractors,http://www.midstateroofingga.net,0,0,,,,"221 James Rd Gray , GA 31032-3647",(478) 986-1189,https://www.bbb.org/us/ga/gray/profile/roofing-contractors/mid-state-roofing-0743-5000497,9615.0,12,9941.0,10.697281553398058
2003-01-09T00:00:00,A+,1988-01-01T00:00:00,"Donnie Moore Construction Company, LLC",Roofing Contractors,https://dmooreconstruction.com/,0,0,,,,"170 Bass Rd NE Milledgeville , GA 31061-9657",(478) 719-0997,https://www.bbb.org/us/ga/milledgeville/profile/gutter-contractor/donnie-moore-construction-company-llc-0743-6002717,7589.0,12,13076.0,10.082445476730138
,A+,2013-08-01T00:00:00,"Stembridge Roofing, LLC",Roofing Contractors| Floor Installation| Flooring Contractors ...,,0,0,3.67,3.0,,"Lizella , GA 31052-4101",(478) 447-9135,https://www.bbb.org/us/ga/lizella/profile/roofing-contractors/stembridge-roofing-llc-0743-39099,,12,3732.0,9.582669902912622
2007-10-19T00:00:00,A+,2006-02-01T00:00:00,"Alan Frank Roofing Co., Inc.",Roofing Contractors,http://www.alanfrankroofing.com,0,0,,,,"2131 Barnes Ferry Rd Macon , GA 31216-6823",(478) 972-4319,https://www.bbb.org/us/ga/macon/profile/roofing-contractors/alan-frank-roofing-co-inc-0743-17365,5845.0,12,6470.0,8.875666591921911
2011-04-28T00:00:00,A+,1990-02-01T00:00:00,Butler's Home Improvements & Roofing,Roofing Contractors,https://www.jbutlerroofing.com/,0,0,,,,"314 Bethune Downs Ct Macon , GA 31211-7652",(478) 952-4804,https://www.bbb.org/us/ga/macon/profile/roofing-contractors/butlers-home-improvements-roofing-0743-8222,4558.0,12,12314.0,8.765620048159866
2008-06-17T00:00:00,A+,2007-01-01T00:00:00,Aegis Roofing Systems,Fire and Water Damage Restoration| Roofing Contractors| Construction Services ...,,0,0,,,,"552 Forest Hill Rd Macon , GA 31210-4811",(478) 254-6122,https://www.bbb.org/us/ga/macon/profile/roofing-contractors/aegis-roofing-systems-0743-18414,5603.0,12,6136.0,8.750638754550339
2012-04-25T00:00:00,A+,1995-04-15T00:00:00,"Wheeler Construction, Inc.",Roofing Contractors| Construction Services| Painting Contractors ...,,0,0,,,,"Warner Robins , GA 31088-2532",(478) 987-7004,https://www.bbb.org/us/ga/warner-robins/profile/general-contractor/wheeler-construction-inc-0743-6724,4195.0,12,10415.0,8.476282175597655
2012-05-10T00:00:00,A+,1997-04-02T00:00:00,"Complete Remodeling Services, Inc.",Roofing Contractors| Construction Services| Painting Contractors ...,https://www.facebook.com/people/Complete-Remodeling-Services/100057400363157/?locale=sv_SE,0,0,,,,"4450 Goolsby Rd Monticello , GA 31064-5177",(770) 560-8071,https://www.bbb.org/us/ga/monticello/profile/roofing-contractors/complete-remodeling-services-inc-0443-27283891,4180.0,12,9697.0,8.417758424946165
2007-08-14T00:00:00,A+,2005-08-01T00:00:00,"Paul Davis Restoration, CLGA",Fire and Water Damage Restoration| Roofing Contractors| Construction Services ...,http://www.pauldavis.com,1,1,,,,"4282 Interstate Dr Macon , GA 31210-6806",(478) 475-5807,https://www.bbb.org/us/ga/macon/profile/fire-water-damage-restoration/paul-davis-restoration-clga-0743-17408,5911.0,12,6654.0,8.391530318089444
2013-03-04T00:00:00,A+,2001-03-01T00:00:00,Wingate Custom Homes,Construction Services| Roofing Contractors| Residential Painter,http://www.wingatecustomhomes.com,0,0,,,,"817 Ga Highway 247 S STE 10 Kathleen , GA 31047-2374",(478) 322-0028,https://www.bbb.org/us/ga/kathleen/profile/construction-services/wingate-custom-homes-0743-26112,3882.0,12,8268.0,8.189693374786371
2012-05-02T00:00:00,A+,2011-05-01T00:00:00,U-Name-It Home Improvement,Roofing Contractors,http://www.unameitwedoit.com,0,0,,,,"310 Davis Dr Centerville , GA 31028-1110",(478) 334-0829,https://www.bbb.org/us/ga/centerville/profile/roofing-contractors/u-name-it-home-improvement-0743-29689,4188.0,12,4555.0,8.046670121086507
2015-08-12T00:00:00,A+,1988-03-16T00:00:00,Elder Lee Ferguson's Handyman & Roofing Services,Roofing Contractors,,0,1,,,,"3661 Case St Macon , GA 31204-2655",(478) 390-0035,https://www.bbb.org/us/ga/macon/profile/roofing-contractors/elder-lee-fergusons-handyman-roofing-services-0743-4243,2991.0,12,13001.0,8.038542780262537
2014-08-05T00:00:00,A+,1998-01-01T00:00:00,No Leak Roofing & Residential Remodeling,Roofing Contractors,,0,1,,,,"Macon , GA 31201-1132",(478) 335-7530,https://www.bbb.org/us/ga/macon/profile/roofing-contractors/no-leak-roofing-residential-remodeling-0743-10346,3363.0,12,9423.0,7.932815291565156
2016-02-09T00:00:00,A+,1997-05-12T00:00:00,A.A. Construction,Roofing Contractors,https://www.roofingofwarnerrobins.com/,0,0,,,,"PO Box 1103 Byron , GA 31008-1103",(478) 213-2925,https://www.bbb.org/us/ga/byron/profile/roofing-contractors/aa-construction-0743-42871,2810.0,12,9657.0,7.844725121106707
,A+,1962-01-01T00:00:00,"Kellett & Sons Roofing, LLC",Roofing Contractors| Construction Services| Painting Contractors ...,,0,0,,,,"689 Yatesville Rd Barnesville , GA 30204-4019",(770) 358-7857,https://www.bbb.org/us/ga/barnesville/profile/roofing-contractors/kellett-sons-roofing-llc-0443-24772,,12,22572.0,7.617014563106796
2015-05-06T00:00:00,A+,2011-03-03T00:00:00,"American Roofing & Renovation, LLC",Roofing Contractors| Construction Services| Painting Contractors ...,http://americanroofingandrenovation.com,0,1,1.0,1.0,,"109 Park Ave Warner Robins , GA 31088-7319",(478) 328-7663,https://www.bbb.org/us/ga/warner-robins/profile/roofing-contractors/american-roofing-renovation-llc-0743-40533,3089.0,12,4614.0,7.468621252156487
,A+,1968-02-07T00:00:00,Bates Roofing,Roofing Contractors,,0,0,,,,"4168 Broadway Macon , GA 31206",(478) 788-6208,https://www.bbb.org/us/ga/macon/profile/roofing-contractors/bates-roofing-0743-1114,,12,20344.0,7.454781553398059
2017-01-13T00:00:00,A+,2009-06-22T00:00:00,"K & M Construction Group, LLC",Roofing Contractors| Construction Services| Painting Contractors ...,,0,0,,,,"Monticello , GA 31064",(678) 677-0000,https://www.bbb.org/us/ga/monticello/profile/roofing-contractors/k-m-construction-group-llc-0443-27407355,2471.0,12,5233.0,7.38151554084902
2023-06-09T00:00:00,A+,2020-08-16T00:00:00,Mighty Dog Roofing of Macon,Roofing Contractors| Roofing Consultants,https://www.mightydogroofing.com/macon-georgia,0,0,2.0,1.0,,"609 Cherry St Ste B317 Macon , GA 31201-2623",(478) 347-7854,https://www.bbb.org/us/ga/macon/profile/roofing-contractors/mighty-dog-roofing-of-macon-0743-91820354,133.0,12,1160.0,7.361987392377651
,A+,1976-01-01T00:00:00,"Superior Roofing Systems, Inc.",Fire and Water Damage Restoration| Roofing Contractors| Construction Services ...,,0,0,,,,"357 Odell Rd Griffin , GA 30224",(770) 228-2658,https://www.bbb.org/us/ga/griffin/profile/roofing-contractors/superior-roofing-systems-inc-0443-27207051,,12,17459.0,7.2447087378640775
,A+,1976-07-01T00:00:00,"Dixie Roofing of Georgia, Inc.",Roofing Contractors,,0,0,,,,"215 Mathis Rd Haddock , GA 31033-2256",(478) 390-6345,https://www.bbb.org/us/ga/haddock/profile/roofing-contractors/dixie-roofing-of-georgia-inc-0743-5000103,,12,17277.0,7.2314563106796115
,A+,1980-06-01T00:00:00,"Rowley Steel Buildings, LLC",Roofing Contractors,,0,0,,,,"213 Farm Estates Rd Perry , GA 31069-8800",(478) 952-7108,https://www.bbb.org/us/ga/perry/profile/garage-doors/rowley-steel-buildings-llc-0743-21847,,12,15846.0,7.127257281553398
2017-01-24T00:00:00,A+,2016-01-01T00:00:00,Advanced Roofing of Central Georgia,Construction Services| Roofing Contractors| Plumber ...,http://www.AdvancedRoofingGA.com,0,1,,,,"122 Ga Highway 96 Bonaire , GA 31005-3360",(478) 922-8898,https://www.bbb.org/us/ga/bonaire/profile/roofing-contractors/advanced-roofing-of-central-georgia-0743-43315,2460.0,12,2849.0,7.0783456965201275
,A+,1982-05-01T00:00:00,O'Kelley's Roofing Co.,Roofing Contractors| Roofing Consultants,,0,0,,,,"2949 King Alfred Dr Macon , GA 31204-1208",(478) 474-7663,https://www.bbb.org/us/ga/macon/profile/roofing-contractors/okelleys-roofing-co-0743-2499,,12,15147.0,7.076359223300971
,A+,1983-01-01T00:00:00,Scotty's Construction Company,Roofing Contractors| Handyman| Home Improvement,,0,0,,,,"5140 Nisbet Drive Macon , GA 31206-4724",(478) 788-4056,https://www.bbb.org/us/ga/macon/profile/general-contractor/scottys-construction-company-0743-6000977,,12,14902.0,7.058519417475728
,A+,1984-01-01T00:00:00,Statewide Construction/Roofing,Roofing Contractors| Roofing Consultants,http://statewide-roofing.com.,0,0,,,,"3051 Bloomfield Drive Macon , GA 31206",(478) 743-0898,https://www.bbb.org/us/ga/macon/profile/roofing-contractors/statewide-constructionroofing-0743-2595,,12,14537.0,7.031941747572816
2018-03-05T00:00:00,A+,2013-03-01T00:00:00,Turco Roofing,Roofing Contractors,http://www.turcoroof.com,0,1,1.0,1.0,,"335 Margie Dr STE C Warner Robins , GA 31088-7897",(478) 845-2419,https://www.bbb.org/us/ga/warner-robins/profile/roofing-contractors/turco-roofing-0743-37756,2055.0,12,3885.0,6.985243263881314
,A+,1986-08-01T00:00:00,Dan Smith Construction,Roofing Contractors| Siding Contractors| Gutter Contractor,,0,0,,,,"741 Baker St Macon , GA 31217-4310",(478) 338-6335,https://www.bbb.org/us/ga/macon/profile/roofing-contractors/dan-smith-construction-0743-16063,,12,13594.0,6.963276699029127
,A+,1988-04-01T00:00:00,"Roberts & Sons Home Improvements, LLC",Roofing Contractors,http://www.rayrobertsroofing.com,0,0,,,,"196 Covey Rd SW Milledgeville , GA 31061-9736",(478) 363-2796,https://www.bbb.org/us/ga/milledgeville/profile/roofing-contractors/roberts-sons-home-improvements-llc-0743-33037,,12,12985.0,6.918932038834951
,A+,1989-01-01T00:00:00,Hill's Roofing,Roofing Contractors| Siding Contractors| Gutter Contractor,,0,0,,,,"5423 Tinker Dr Macon , GA 31216-5725",(478) 256-3203,https://www.bbb.org/us/ga/macon/profile/roofing-contractors/hills-roofing-0743-22000014,,12,12710.0,6.898907766990291
,A+,1990-01-01T00:00:00,Arnold Roofing Co,Roofing Contractors| Handyman| Home Improvement,,0,0,,,,"4711 Massey Rd Macon , GA 31206-4145",(478) 737-6322,https://www.bbb.org/us/ga/macon/profile/roofing-contractors/arnold-roofing-co-0743-14742,,12,12345.0,6.872330097087379
,A+,1991-07-01T00:00:00,KS Construction,Roofing Contractors| Siding Contractors| Gutter Contractor,,0,0,,,,"3761 Jeffersonville Rd Macon , GA 31217",(478) 508-9386,https://www.bbb.org/us/ga/macon/profile/roofing-contractors/ks-construction-0743-89485,,12,11799.0,6.832572815533981
,A+,1992-01-01T00:00:00,Black River Renovation,Construction Services| Roofing Contractors| Plumber ...,,0,0,,,,"12979 GA Highway 74 Forsyth , GA 31029-7236",(478) 808-3175,https://www.bbb.org/us/ga/forsyth/profile/construction-services/black-river-renovation-0743-14880,,12,11615.0,6.819174757281553
,A+,1992-01-01T00:00:00,Nick's Painting,Roofing Contractors,,0,0,,,,"475 Lake Laura Rd Milledgeville , GA 31061",(478) 453-2505,https://www.bbb.org/us/ga/milledgeville/profile/painting-contractors/nicks-painting-0743-6002742,,12,11615.0,6.819174757281553
,A+,1992-04-01T00:00:00,H J Dixon Handyman Construction,Roofing Contractors,,0,0,,,,"115 Cords Bridge Rd NE Milledgeville , GA 31061-9052",(478) 452-4612,https://www.bbb.org/us/ga/milledgeville/profile/roofing-contractors/h-j-dixon-handyman-construction-0743-33265,,12,11524.0,6.812548543689321
,A+,1993-10-01T00:00:00,Cohen Construction & Roofing,Roofing Contractors| Floor Installation| Flooring Contractors ...,,0,0,,,,"1722 Carl Sutton Road Lizella , GA 31052",(478) 256-2902,https://www.bbb.org/us/ga/lizella/profile/roofing-contractors/cohen-construction-roofing-0743-9001018,,12,10976.0,6.772645631067961
,A+,1994-01-01T00:00:00,"Best Builders, LLC",Roofing Contractors| Construction Services| Painting Contractors ...,,0,0,,,,"143 Rivermist Rd Juliette , GA 31046-3606",(478) 972-0188,https://www.bbb.org/us/ga/juliette/profile/general-contractor/best-builders-llc-0743-20402,,12,10884.0,6.765946601941748
,A+,1994-01-01T00:00:00,"John Rowland, Jr. Custom Homes & Remodeling",Roofing Contractors| Floor Installation| Flooring Contractors ...,,0,0,,,,"P. O. Box 26237 Macon , GA 31221-6237",(478) 719-1727,https://www.bbb.org/us/ga/macon/profile/home-builders/john-rowland-jr-custom-homes-remodeling-0743-34219,,12,10884.0,6.765946601941748
,A+,1994-01-01T00:00:00,Triad Contractors,Fire and Water Damage Restoration| Roofing Contractors| Construction Services ...,,0,0,,,,"4501 Sheraton Dr Apt 927 Macon , GA 31210-1341",(478) 284-7802,https://www.bbb.org/us/ga/macon/profile/construction-services/triad-contractors-0743-16062,,12,10884.0,6.765946601941748
,A+,1995-01-01T00:00:00,Trinity Roofing & Remodeling,Fire and Water Damage Restoration| Roofing Contractors| Construction Services ...,,0,0,,,,"136 Wilson Way Macon , GA 31216-6567",(478) 788-9696,https://www.bbb.org/us/ga/macon/profile/roofing-contractors/trinity-roofing-remodeling-0743-6000395,,12,10519.0,6.739368932038835
,A+,1995-01-01T00:00:00,Certified Professional Restorers,Roofing Contractors,,0,0,,,,"101 Ga Highway 49 N Byron , GA 31008-4006",(478) 471-8326,https://www.bbb.org/us/ga/byron/profile/fire-water-damage-restoration/certified-professional-restorers-0743-6728,,12,10519.0,6.739368932038835
,A+,1996-01-01T00:00:00,"SunChase Homes, Inc.",Roofing Contractors,,0,0,,,,"111 Springhill Drive Warner Robins , GA 31088",(478) 808-2769,https://www.bbb.org/us/ga/warner-robins/profile/home-builders/sunchase-homes-inc-0743-9000498,,12,10154.0,6.712791262135922
,A+,1996-08-01T00:00:00,Kevin P. Oberg Roofing & Construction,Roofing Contractors| Construction Services| Painting Contractors ...,https://www.facebook.com/people/Kevin-P-Oberg-Construction-LLC/100063641135353/,0,0,,,,"132 Yatesville Rd Barnesville , GA 30204-3747",(770) 855-6390,https://www.bbb.org/us/ga/barnesville/profile/roofing-contractors/kevin-p-oberg-roofing-construction-0443-27265540,,12,9941.0,6.697281553398058
,A+,1997-10-01T00:00:00,Malone's Roofing & Gutters,Roofing Contractors| Siding Contractors| Gutter Contractor,,0,0,,,,"109 David Coley Rd Macon , GA 31216-5780",(478) 784-7614,https://www.bbb.org/us/ga/macon/profile/roofing-contractors/malones-roofing-gutters-0743-5000805,,12,9515.0,6.66626213592233
,A+,1998-01-01T00:00:00,Roofing Improvements,Construction Services| Roofing Contractors| Residential Painter,,0,0,,,,"735 Childs Rd Roberta , GA 31078-3113",(478) 954-5754,https://www.bbb.org/us/ga/roberta/profile/roofing-contractors/roofing-improvements-0743-19186,,12,9423.0,6.659563106796116
2020-07-10T00:00:00,A+,2018-02-05T00:00:00,"Apex Renovations, LLC",Roofing Contractors,https://apexrenovationsga.com,0,0,,,,"131 4th St SW Milledgeville , GA 31061-4655",(478) 804-2739,https://www.bbb.org/us/ga/milledgeville/profile/roofing-contractors/apex-renovations-llc-0743-102653,1197.0,12,2083.0,6.621975988751924
,A+,2000-01-01T00:00:00,Radcliffe Roofing,Construction Services| Roofing Contractors| Plumber ...,,0,0,,,,"148 Boxankle Dr. Forsyth , GA 31029",(478) 318-2906,https://www.bbb.org/us/ga/forsyth/profile/roofing-contractors/radcliffe-roofing-0743-26039,,12,8693.0,6.606407766990291
,A+,2000-01-01T00:00:00,"E.C.M. Construction, LLC",Roofing Contractors| Siding Contractors| Gutter Contractor,,0,0,,,,"536 Sgoda Cir N Macon , GA 31217-8225",(478) 808-1336,https://www.bbb.org/us/ga/macon/profile/general-contractor/ecm-construction-llc-0743-10012,,12,8693.0,6.606407766990291
,A+,2001-01-01T00:00:00,"All American Chimney Sweeps & Builders, Inc.",Roofing Contractors,,0,0,,,,"260 Killdeer Lane Byron , GA 31008",(478) 956-6031,https://www.bbb.org/us/ga/byron/profile/chimney-cleaning/all-american-chimney-sweeps-builders-inc-0743-11680,,12,8327.0,6.579757281553398
,A+,2001-06-30T00:00:00,Battle Roofing Company,Roofing Contractors,,0,0,,,,"PO Box 1296 Byron , GA 31008-1296",(478) 256-2085,https://www.bbb.org/us/ga/byron/profile/roofing-contractors/battle-roofing-company-0743-43207,,12,8147.0,6.5666504854368934
,A+,2002-04-10T00:00:00,Hitech Roofing,Roofing Contractors,,0,0,,,,"P. O. Box 6654 Warner Robins , GA 31093",(478) 227-8005,https://www.bbb.org/us/ga/warner-robins/profile/roofing-contractors/hitech-roofing-0743-35976,,12,7863.0,6.545970873786407
2021-03-01T00:00:00,A+,2018-03-01T00:00:00,Farr Roofing,Roofing Contractors,http://www.farrroofing.com/,0,0,,,,"3239 Sandy Point Rd Lizella , GA 31052-6907",(478) 955-4220,https://www.bbb.org/us/ga/lizella/profile/commercial-roofing/farr-roofing-0743-21673,963.0,12,2059.0,6.522850138782832
,A+,2003-04-01T00:00:00,"Provision Enterprises, Inc",Roofing Contractors,,0,0,,,,"1238 S Houston Lake Rd Ste 6 Warner Robins , GA 31088-0724",(478) 396-5872,https://www.bbb.org/us/ga/warner-robins/profile/roofing-contractors/provision-enterprises-inc-0743-27572,,12,7507.0,6.52004854368932
,A+,2003-06-19T00:00:00,Tool Time Roofing,Roofing Contractors,https://www.facebook.com/Tool-Time-Roofing-Construction-1684921211754731,0,0,,,,"426 Davis Dr Centerville , GA 31028-1002",(478) 542-0285,https://www.bbb.org/us/ga/centerville/profile/roofing-contractors/tool-time-roofing-0743-11000164,,12,7428.0,6.5142961165048545
,A+,2003-07-26T00:00:00,Southeastern Construction,Roofing Contractors,,0,0,,,,"1837 2nd Ave Macon , GA 31201-1131",(478) 297-9360,https://www.bbb.org/us/ga/macon/profile/construction-services/southeastern-construction-0743-20494,,12,7391.0,6.511601941747573
,A+,2004-06-01T00:00:00,"Major Coates General Contractor, LLC",Roofing Contractors| Handyman| Home Improvement,,0,0,,,,"242 Beaumont Hts Macon , GA 31206-3731",(478) 719-4107,https://www.bbb.org/us/ga/macon/profile/roofing-contractors/major-coates-general-contractor-llc-0743-21274,,12,7080.0,6.488956310679612
,A+,2005-01-19T00:00:00,Summit Specialties,Roofing Contractors,,0,0,,,,"Macon , GA 31210",(478) 256-9233,https://www.bbb.org/us/ga/macon/profile/commercial-roofing/summit-specialties-0743-9412,,12,6848.0,6.472063106796116
,A+,2005-06-06T00:00:00,"Smith Restoration, LLC",Roofing Contractors| Floor Installation| Flooring Contractors ...,http://www.smithrestoration.net,0,0,,,,"144 Fox Rd Macon , GA 31217",(478) 714-3762,https://www.bbb.org/us/ga/macon/profile/general-contractor/smith-restoration-llc-0743-42271,,12,6710.0,6.462014563106796
,A+,2006-04-03T00:00:00,A+ Roofing,Roofing Contractors,,0,0,,,,"2938 Heritage Pl NE Milledgeville , GA 31061-7202",(770) 733-2410,https://www.bbb.org/us/ga/milledgeville/profile/roofing-contractors/a-roofing-0743-23608,,12,6409.0,6.440097087378641
,A+,2006-06-21T00:00:00,"R & D Builders & Associates, LLC",Roofing Contractors,,0,0,,,,"118 Galaxy Ave Bonaire , GA 31005-3329",(478) 213-7804,https://www.bbb.org/us/ga/bonaire/profile/home-builders/r-d-builders-associates-llc-0743-21899,,12,6330.0,6.434344660194175
,A+,2007-01-10T00:00:00,American Vinyl Siding/Construction,Roofing Contractors| Handyman| Home Improvement,,0,0,,,,"106 Brandon Way Macon , GA 31206",(478) 256-1005,https://www.bbb.org/us/ga/macon/profile/siding-contractors/american-vinyl-sidingconstruction-0743-20912,,12,6127.0,6.419563106796117
,A+,2007-06-01T00:00:00,"D C Roofing GA, LLC",Roofing Contractors,,0,0,,,,"115 Brandon Way Macon , GA 31210-4227",(478) 365-7488,https://www.bbb.org/us/ga/macon/profile/roofing-contractors/d-c-roofing-ga-llc-0743-44073,,12,5985.0,6.409223300970874
2021-10-27T00:00:00,A+,2018-10-03T00:00:00,Flint Roofing Company,Fire and Water Damage Restoration| Roofing Contractors| Construction Services ...,,0,0,,,,"4168 Canyon Rd Macon , GA 31210-4715",(478) 259-3212,https://www.bbb.org/us/ga/macon/profile/roofing-contractors/flint-roofing-company-0743-108987,723.0,12,1843.0,6.407246827388095
,A+,2008-01-17T00:00:00,"Alcantar Construction, LLC",Roofing Contractors| Handyman| Home Improvement,,0,0,,,,"575 Robert Henry St Macon , GA 31206-1509",(478) 731-2158,https://www.bbb.org/us/ga/macon/profile/home-builders/alcantar-construction-llc-0743-24190,,12,5755.0,6.39247572815534
,A+,2008-10-01T00:00:00,"Mid-Georgia Roofing, LLC",Roofing Contractors| Construction Services| Painting Contractors ...,,0,0,,,,"100 Wynfield Ln Bonaire , GA 31005-3172",(478) 955-9172,https://www.bbb.org/us/ga/bonaire/profile/roofing-contractors/mid-georgia-roofing-llc-0743-24358,,12,5497.0,6.373689320388349
,A+,2009-04-01T00:00:00,Gallant Home Improvements,Roofing Contractors,,0,0,,,,"130 Lisa Dr Byron , GA 31008-4758",(478) 808-7921,https://www.bbb.org/us/ga/byron/profile/roofing-contractors/gallant-home-improvements-0743-24357,,12,5315.0,6.360436893203883
,A+,2009-11-01T00:00:00,"D & C Construction, LLC",Roofing Contractors| Siding Contractors| Gutter Contractor,,0,0,,,,"Macon , GA 31217",(478) 254-6864,https://www.bbb.org/us/ga/macon/profile/general-contractor/d-c-construction-llc-0743-27674,,12,5101.0,6.3448543689320385
2023-10-17T00:00:00,A+,2010-02-02T00:00:00,Certified Roofing & Gutters,Roofing Contractors| Handyman| Home Improvement,https://www.certifiedroofingandgutters.com,5,8,3.4,5.0,,"3301 Buckeye Road Atlanta , GA 30341",(770) 939-5165,https://www.bbb.org/us/ga/atlanta/profile/roofing-contractors/certified-roofing-gutters-0443-27404055,3.0,12,5008.0,6.3380825242718455
,A+,2010-02-02T00:00:00,"Certified Roofing & Gutters, LLC",Roofing Contractors,,0,0,,,,"544 Mulberry St STE 61 Macon , GA 31201-2770",(706) 496-1138,https://www.bbb.org/us/ga/macon/profile/roofing-contractors/certified-roofing-gutters-llc-0743-33824,,12,5008.0,6.338082524271845
,A+,2010-02-26T00:00:00,"Roofmax of Georgia, LLC",Fire and Water Damage Restoration| Roofing Contractors| Construction Services ...,,0,0,,,,"101 Meadow Dr Suite 2T Cumming , GA 30040-2694",(770) 800-3428,https://www.bbb.org/us/ga/cumming/profile/roofing-contractors/roofmax-of-georgia-llc-0443-27966343,,12,4984.0,6.336334951456311
,A+,2010-10-21T00:00:00,Reveles Roofing,Roofing Contractors,http://RevelesRoofing.com,0,0,,,,"305 Brantley Rd Lot 25 Warner Robins , GA 31093-6884",(478) 365-7923,https://www.bbb.org/us/ga/warner-robins/profile/roofing-contractors/reveles-roofing-0743-27963,,12,4747.0,6.319077669902913
2023-06-27T00:00:00,A+,2013-01-13T00:00:00,"WaltofAllTrades, LLC",Roofing Contractors| Floor Installation| Flooring Contractors ...,,0,0,,,,"Atlanta , GA 30315-6103",(706) 284-0475,https://www.bbb.org/us/ga/atlanta/profile/landscape-contractors/waltofalltrades-llc-0443-91830150,115.0,12,3932.0,6.306341415867705
,A+,2011-04-15T00:00:00,Georgia Roof Masters,Roofing Contractors,,0,0,,,,"129 Chris Drive Warner Robins , GA 31093",(478) 442-7497,https://www.bbb.org/us/ga/warner-robins/profile/roofing-contractors/georgia-roof-masters-0743-29063,,12,4571.0,6.30626213592233
,A+,2013-01-08T00:00:00,Quality Southern Roofing,Roofing Contractors| Roofing Consultants,,0,0,,,,"334 Vista Cir Macon , GA 31204-2443",(478) 342-9713,https://www.bbb.org/us/ga/macon/profile/roofing-contractors/quality-southern-roofing-0743-36340,,12,3937.0,6.260097087378641
,A+,2013-05-01T00:00:00,P & M Roofing and Remodeling,Roofing Contractors,,0,0,,,,"3636 W Napier Ave Macon , GA 31204-3249",(478) 757-8040,https://www.bbb.org/us/ga/macon/profile/roofing-contractors/p-m-roofing-and-remodeling-0743-40406,,12,3824.0,6.251868932038835
,A+,2014-02-01T00:00:00,AR Construction & Remodeling,Roofing Contractors| Siding Contractors| Gutter Contractor,,0,0,,,,"1070 Alma Dr. Macon , GA 31216",(678) 500-4541,https://www.bbb.org/us/ga/macon/profile/roofing-contractors/ar-construction-remodeling-0743-39047,,12,3548.0,6.231771844660194
,A+,2015-04-01T00:00:00,Above the Truss Roofing,Roofing Contractors,https://www.facebook.com/Above-The-Truss-Roofing-1080639305320803/?hc_ref=SEARCH,0,0,,,,"5938 Wesleyan Dr N Macon , GA 31210-6012",(478) 747-8194,https://www.bbb.org/us/ga/macon/profile/roofing-contractors/above-the-truss-roofing-0743-45474,,12,3124.0,6.200898058252427
,A+,2015-05-15T00:00:00,"Jaiden C Roofing Repairs, LLC",Roofing Contractors,http://jaiden-c-roofing-repairs.business.site,0,0,,,,"2924 Walmar Dr Macon , GA 31206-4967",(478) 283-3326,https://www.bbb.org/us/ga/macon/profile/roofing-contractors/jaiden-c-roofing-repairs-llc-0743-98205,,12,3080.0,6.197694174757282
,A+,2015-12-12T00:00:00,Bobby's Roofing & Construction,Roofing Contractors,https://www.facebook.com/bobbygraham1988/,0,0,,,,"905 Green St Warner Robins , GA 31093-2741",(478) 297-1684,https://www.bbb.org/us/ga/warner-robins/profile/roofing-contractors/bobbys-roofing-construction-0743-44600,,12,2869.0,6.1823300970873785
,A+,2016-06-01T00:00:00,"Pruiett Exteriors, LLC",Fire and Water Damage Restoration| Roofing Contractors| Construction Services ...,,0,0,,,,"8333 Rivoli Rd Macon , GA 31210",(478) 207-6495,https://www.bbb.org/us/ga/macon/profile/roofing-contractors/pruiett-exteriors-llc-0743-92241,,12,2697.0,6.169805825242719
,A+,2018-02-14T00:00:00,"Double J Roofing, LLC",Roofing Contractors| Construction Services| Painting Contractors ...,http://www.doublejroofing.biz,0,0,,,,"Address on File with BBB Monticello , GA 31064",(706) 765-3012,https://www.bbb.org/us/ga/monticello/profile/roofing-contractors/double-j-roofing-llc-0443-28114806,,12,2074.0,6.124441747572815
,A+,2018-06-01T00:00:00,Storm Solutions,Roofing Contractors,,0,0,1.0,1.0,,"Byron , GA 31008",(478) 714-9492,https://www.bbb.org/us/ga/byron/profile/roofing-contractors/storm-solutions-0743-94385,,12,1967.0,6.116650485436893
2023-06-12T00:00:00,A+,2020-06-09T00:00:00,"Built Roofing, LLC.",Roofing Contractors,https://builtroofingllc.com/,0,0,,,,"309 Loxley Dr Warner Robins , GA 31088-3015",(478) 397-4852,https://www.bbb.org/us/ga/warner-robins/profile/roofing-contractors/built-roofing-llc-0743-91822751,130.0,12,1228.0,6.115690409237644
,A+,2019-06-01T00:00:00,"Hammer Nail Roofing, LLC",Roofing Contractors,http://HammerNailRoofing.com,0,0,1.0,1.0,,"4501 Russel Pkwy #22 Warner Robins , GA 31088",(478) 333-4257,https://www.bbb.org/us/ga/warner-robins/profile/roofing-contractors/hammer-nail-roofing-llc-0743-102297,,12,1602.0,6.090072815533981
,A+,2019-11-01T00:00:00,"Platinum Roofing Company, LLC",Roofing Contractors| Construction Services| Painting Contractors ...,http://www.platinumroofingco.com,0,0,,,,"931 Corder Rd Warner Robins , GA 31088-3711",(478) 542-1012,https://www.bbb.org/us/ga/warner-robins/profile/roofing-contractors/platinum-roofing-company-llc-0743-102564,,12,1449.0,6.078932038834951
,A+,2019-12-03T00:00:00,T&M Contractors LLC,Roofing Contractors| Construction Services| Painting Contractors ...,,0,0,,,,"2373 Highway 46 South Flovilla , GA 30216",(478) 796-0445,https://www.bbb.org/us/ga/flovilla/profile/roofing-contractors/tm-contractors-llc-0443-28136720,,12,1417.0,6.0766019417475725
,A+,,Wright's Roofing,Roofing Contractors,,0,0,,,,"115 Pine Tree Drive Macon , GA 31211",(478) 228-1630,https://www.bbb.org/us/ga/macon/profile/roofing-contractors/wrights-roofing-0743-10427,,12,,6.0
,A+,,Emel Fraley Roofing,Roofing Contractors| Roofing Consultants,,0,0,,,,"3940 Morgan drive Macon , GA 31204",(478) 461-1507,https://www.bbb.org/us/ga/macon/profile/roofing-contractors/emel-fraley-roofing-0743-18684,,12,,6.0
,A+,,"Vets Contracting, Inc",Roofing Contractors| Construction Services| Painting Contractors ...,,0,0,,,,"1200 Sardis Ln Warner Robins , GA 31088-2306",(478) 442-2527,https://www.bbb.org/us/ga/warner-robins/profile/roofing-contractors/vets-contracting-inc-0743-42055,,12,,6.0
,A+,,McClure-Johnston Roofing,Roofing Contractors| Handyman| Home Improvement,,0,0,,,,"220 Allied Industrial Blvd Macon , GA 31206-2073",(478) 781-8784,https://www.bbb.org/us/ga/macon/profile/roofing-contractors/mcclure-johnston-roofing-0743-15175,,12,,6.0
,A+,,All American Roofing,Roofing Contractors| Handyman| Home Improvement,,0,0,,,,"4254 Worsham Avenue Macon , GA 31206",(478) 254-4103,https://www.bbb.org/us/ga/macon/profile/roofing-contractors/all-american-roofing-0743-24422,,12,,6.0
,A+,,GBM Construction,Construction Services| Roofing Contractors| Plumber ...,,0,0,,,,"104 Old Oak Drive Forsyth , GA 31029",(404) 227-4880,https://www.bbb.org/us/ga/forsyth/profile/general-contractor/gbm-construction-0743-21376,,12,,6.0
,A+,,"G. Willis, Inc.",Construction Services| Roofing Contractors| Plumber ...,,0,0,,,,"P. O. Box 472 Forsyth , GA 31029-0472",(478) 990-1540,https://www.bbb.org/us/ga/forsyth/profile/roofing-contractors/g-willis-inc-0743-25972,,12,,6.0
,A+,,Phillip Stoffer Roofing,Construction Services| Roofing Contractors| Plumber ...,,0,0,,,,"1979 Dent Rd Musella , GA 31066-3307",(770) 289-5626,https://www.bbb.org/us/ga/musella/profile/roofing-contractors/phillip-stoffer-roofing-0743-37870,,12,,6.0
,A+,,M & M Construction,Roofing Contractors| Handyman| Home Improvement,,0,0,,,,"250 Carsons Walk Macon , GA 31216-5203",(478) 960-7751,https://www.bbb.org/us/ga/macon/profile/roofing-contractors/m-m-construction-0743-25492,,12,,6.0
,A+,,Reynold's Roofing & Home Repair,Construction Services| Roofing Contractors| Plumber ...,,0,0,,,,"305 N Frontage Rd Forsyth , GA 31029-9508",(478) 796-0445,https://www.bbb.org/us/ga/forsyth/profile/roofing-contractors/reynolds-roofing-home-repair-0743-97788,,12,,6.0
,A+,,"A-vet Roofing & Construction, L L C",Roofing Contractors,,0,0,,,,"507 N Davis Dr # C Warner Robins , GA 31093-2686",(478) 447-5324,https://www.bbb.org/us/ga/warner-robins/profile/roofing-contractors/a-vet-roofing-construction-l-l-c-0743-28026,,12,,6.0
,A+,,"Campbell, Bobby Roofing",Roofing Contractors| Construction Services| Painting Contractors ...,,0,0,,,,"203 Palomino Ln. Warner Robins , GA 31088",(478) 929-4363,https://www.bbb.org/us/ga/warner-robins/profile/roofing-contractors/campbell-bobby-roofing-0743-6124,,12,,6.0
,A+,,Jorge's Roofing,Roofing Contractors,,0,0,,,,"3680 Fairmont Ave Macon , GA 31204-2260",(478) 474-0953,https://www.bbb.org/us/ga/macon/profile/roofing-contractors/jorges-roofing-0743-43179,,12,,6.0
,A+,,Price Roofing,Construction Services| Roofing Contractors| Residential Painter,,0,0,,,,"313 Preston St. Fort Valley , GA 31030",(478) 951-3478,https://www.bbb.org/us/ga/fort-valley/profile/roofing-contractors/price-roofing-0743-90003733,,12,,6.0
,A+,,Payne Enterprises Construction LLC,Construction Services| Roofing Contractors| Residential Painter,,0,0,,,,"108 S Camellia Blvd Fort Valley , GA 31030-3013",(478) 822-0006,https://www.bbb.org/us/ga/fort-valley/profile/roofing-contractors/payne-enterprises-construction-llc-0743-93763,,12,,6.0
,A+,,Robert Taylor,Roofing Contractors,,0,0,,,,"4044 Forest Ave W Macon , GA 31204-8603",(478) 390-4311,https://www.bbb.org/us/ga/macon/profile/roofing-contractors/robert-taylor-0743-98286,,12,,6.0
,A+,,"Earth Works Construction,llc",Roofing Contractors,,0,0,,,,"179 Lingold Rd NW Milledgeville , GA 31061-8141",(478) 986-0991,https://www.bbb.org/us/ga/milledgeville/profile/roofing-contractors/earth-works-constructionllc-0743-36689,,12,,6.0
,A+,,Grace Roofing & Repair,Roofing Contractors,,0,0,,,,"229 GA HWY 49 Lot G Macon , GA 31201",(478) 233-5031,https://www.bbb.org/us/ga/macon/profile/roofing-contractors/grace-roofing-repair-0743-38155,,12,,6.0
,A+,,Foster Roofing,Roofing Contractors,,0,0,,,,". Macon , GA 31201",(478) 318-2775,https://www.bbb.org/us/ga/macon/profile/roofing-contractors/foster-roofing-0743-10426,,12,,6.0
,A+,,Better Roofing Solutions,Roofing Contractors| Roofing Consultants,http://www.betterroofingsolutions.org,0,0,,,,"3647 Vineville Ave Macon , GA 31204-1882",(478) 262-0521,https://www.bbb.org/us/ga/macon/profile/roofing-contractors/better-roofing-solutions-0743-44095,,12,,6.0
,A+,,Archer Roofing,Roofing Contractors,,0,0,,,,"110 Old Williamsburg Rd NE Milledgeville , GA 31061-8739",(478) 454-5904,https://www.bbb.org/us/ga/milledgeville/profile/roofing-contractors/archer-roofing-0743-6002920,,12,,6.0
,A+,,S S Construction,Roofing Contractors,,0,0,,,,"181 SW Cobb Road Milledgeville , GA 31061",(478) 288-0557,https://www.bbb.org/us/ga/milledgeville/profile/roofing-contractors/s-s-construction-0743-29861,,12,,6.0
,A+,,Oliva Roofing,Roofing Contractors| Roofing Consultants,,0,0,,,,"4168 Lafayette Dr Macon , GA 31204-6359",(478) 335-2169,https://www.bbb.org/us/ga/macon/profile/roofing-contractors/oliva-roofing-0743-48406,,12,,6.0
,A+,,Roofing Solutions,Roofing Contractors,,0,0,,,,"12600 Deerfield Pkwy Ste 100 Alpharetta , GA 30004-6130",(478) 457-0182,https://www.bbb.org/us/ga/alpharetta/profile/roofing-contractors/roofing-solutions-0443-7004783,,12,,6.0
,A+,,Mike's Roofing,Roofing Contractors| Roofing Consultants,,0,0,,,,"5110 Log Cabin Dr Macon , GA 31204-6327",(478) 788-8562,https://www.bbb.org/us/ga/macon/profile/roofing-contractors/mikes-roofing-0743-8858,,12,,6.0
,A+,,Louis Lawn Service,Roofing Contractors| Roofing Consultants,,0,0,,,,"3061 Grady St Macon , GA 31204-3846",(478) 228-4499,https://www.bbb.org/us/ga/macon/profile/lawn-maintenance/louis-lawn-service-0743-21079,,12,,6.0
,A+,,Mike Stallings Roofing,Roofing Contractors,,0,0,,,,"2416 Holland Dr Macon , GA 31206-4525",(478) 781-1931,https://www.bbb.org/us/ga/macon/profile/roofing-contractors/mike-stallings-roofing-0743-6000080,,12,,6.0
,A+,,Roofing Solutions,Roofing Contractors| Construction Services| Painting Contractors ...,,0,0,,,,"598 McCrackin St Juliette , GA 31046-4518",(478) 733-3065,https://www.bbb.org/us/ga/juliette/profile/roofing-contractors/roofing-solutions-0743-30154,,12,,6.0
,A+,,Global Roofing,Roofing Contractors,,0,0,,,,"201a Virginia Dare Dr Warner Robins , GA 31088-5210",(478) 918-4276,https://www.bbb.org/us/ga/warner-robins/profile/roofing-contractors/global-roofing-0743-14590,,12,,6.0
,A+,,"Storm Pros Disaster Services, LLC",Roofing Contractors,https://stormpros.net/service-areas/warner-robins-ga/,0,0,,,,"101 Michele Ter Warner Robins , GA 31088-3923",(478) 227-8882,https://www.bbb.org/us/ga/warner-robins/profile/roofing-contractors/storm-pros-disaster-services-llc-0743-97143,,12,,6.0
,A+,,Southeastern Roofing & Construction,Roofing Contractors,,0,0,,,,"5644 White Springs Church Rd Dry Branch , GA 31020-2933",(478) 390-4434,https://www.bbb.org/us/ga/dry-branch/profile/roofing-contractors/southeastern-roofing-construction-0743-27861,,12,,6.0
,A+,,Dynasty Roofing Remodeling,Roofing Contractors,,0,0,,,,"104 Brantley Rd Warner Robins , GA 31093",(478) 974-8937,https://www.bbb.org/us/ga/warner-robins/profile/roofing-contractors/dynasty-roofing-remodeling-0743-36694,,12,,6.0
,A+,,MGC Roofing and Construction Inc`,Roofing Contractors,http://mgcroofing.com,0,0,,,,"7538 Houston Rd Byron , GA 31008-6600",(478) 328-6369,https://www.bbb.org/us/ga/byron/profile/roofing-contractors/mgc-roofing-and-construction-inc`-0743-10431,,12,,6.0
,A+,,William (Lee) Ellis,Roofing Contractors,,0,0,,,,"1151 Mule Creek Rd Byron , GA 31008-8039",(478) 951-4269,https://www.bbb.org/us/ga/byron/profile/roofing-contractors/william-lee-ellis-0743-25093,,12,,6.0
,A+,,C & D Construction,Roofing Contractors| Floor Installation| Flooring Contractors ...,,0,0,,,,"1310 Sanford Ave Macon , GA 31217-6927",(478) 978-7571,https://www.bbb.org/us/ga/macon/profile/roofing-contractors/c-d-construction-0743-24424,,12,,6.0
,A+,,A & R Roofing,Roofing Contractors,,0,0,,,,"395 Eli Way Dr Byron , GA 31008-7455",(478) 719-9310,https://www.bbb.org/us/ga/byron/profile/roofing-contractors/a-r-roofing-0743-18272,,12,,6.0
,A+,,Paul Adams Roofing,Roofing Contractors| Siding Contractors| Gutter Contractor,,0,0,,,,"4277 Donnan Rd Macon , GA 31217-6039",(478) 718-2312,https://www.bbb.org/us/ga/macon/profile/roofing-contractors/paul-adams-roofing-0743-94528,,12,,6.0
,A+,,"Bassett Roofing & Co., Inc.",Roofing Contractors| Siding Contractors| Gutter Contractor,,0,0,,,,"6841 Skipper Rd Macon , GA 31216-6423",(478) 788-1770,https://www.bbb.org/us/ga/macon/profile/roofing-contractors/bassett-roofing-co-inc-0743-4246,,12,,6.0
,A+,,Grace Painting & Carpentry,Roofing Contractors| Siding Contractors| Gutter Contractor,,0,0,,,,"422 Bob White Road Macon , GA 31216",(478) 320-5481,https://www.bbb.org/us/ga/macon/profile/painting-contractors/grace-painting-carpentry-0743-24797,,12,,6.0
,A+,,BMR Roofing Contractors,Roofing Contractors,,0,0,,,,"535 Lakeridge Dr Fort Valley , GA 31030-9512",(478) 361-0204,https://www.bbb.org/us/ga/fort-valley/profile/roofing-contractors/bmr-roofing-contractors-0743-20938,,12,,6.0
,A+,,AAA Roofing,Roofing Contractors,,0,0,,,,"108 Virginia Dare Dr Lot #8 Warner Robins , GA 31088-5232",(478) 328-1540,https://www.bbb.org/us/ga/warner-robins/profile/roofing-contractors/aaa-roofing-0743-5000238,,12,,6.0
,A+,,"Tommy Fleming, Roofer",Roofing Contractors| Roofing Consultants,,0,0,,,,"3458 East Greenbriar Road Macon , GA 31204",(478) 755-1466,https://www.bbb.org/us/ga/macon/profile/roofing-contractors/tommy-fleming-roofer-0743-11023,,12,,6.0
,A+,,Keith Morgan Roofing LLC,Fire and Water Damage Restoration| Roofing Contractors| Construction Services ...,,0,0,,,,"4501 Sheraton Dr Apt 236 Macon , GA 31210-1327",(478) 390-4350,https://www.bbb.org/us/ga/macon/profile/roofing-contractors/keith-morgan-roofing-llc-0743-48518,,12,,6.0
,A+,,"ANEWROOF, Inc.",Fire and Water Damage Restoration| Roofing Contractors| Construction Services ...,,0,0,,,,"4448 Forsyth Rd Macon , GA 31210",(478) 258-3305,https://www.bbb.org/us/ga/macon/profile/roofing-contractors/anewroof-inc-0743-21482,,12,,6.0
,A+,2014-04-15T00:00:00,Capital Roofing & Restoration,Roofing Contractors| Construction Services| Painting Contractors ...,https://capitalroofingandrestoration.com/,1,1,,,,"216 Strawbridge Ln Bonaire , GA 31005-3186",(720) 542-8715,https://www.bbb.org/us/ga/bonaire/profile/roofing-contractors/capital-roofing-restoration-0743-28962?addressId=11504,,12,3475.0,5.701456310679611
,A,,"Triple E. Entities, Inc.",Roofing Contractors,,0,0,,,,"P. O. Box 1592 Gray , GA 31032-1592",(478) 501-4074,https://www.bbb.org/us/ga/gray/profile/roofing-contractors/triple-e-entities-inc-0743-28543,,11,,5.538461538461538
,A-,2022-05-03T00:00:00,"FLIP-IT Roofing & Renovation, LLC",Roofing Contractors,,0,0,,,,"104 Margaret Dr Warner Robins , GA 31093-1219",(478) 744-1704,https://www.bbb.org/us/ga/warner-robins/profile/roofing-contractors/flip-it-roofing-renovation-llc-0743-91820205,,10,535.0,5.089301717699776
,A-,2022-05-23T00:00:00,JC Roofing & NBH Construction LLC,Construction Services| Roofing Contractors| Residential Painter,,0,0,,,,"307 Little Farm Lane Kathleen , GA 31047",(478) 952-2023,https://www.bbb.org/us/ga/kathleen/profile/construction-services/jc-roofing-nbh-construction-llc-0743-120490,,10,515.0,5.087845407020164
2023-10-04T00:00:00,A-,2022-10-20T00:00:00,"Oconee Designer Roofing & Painting, LLC.",Roofing Contractors| Construction Services| Painting Contractors ...,https://www.oconeeroof.com/,0,0,,,,"Milledgeville , GA 31061-9360",(478) 233-5746,https://www.bbb.org/us/ga/milledgeville/profile/roofing-contractors/oconee-designer-roofing-painting-llc-0743-91823254,16.0,10,365.0,5.082332981209386
,A,,TNT Roofing & Construction,Roofing Contractors| Handyman| Home Improvement,,1,1,1.0,1.0,,"632 Villa Esta Ave Macon , GA 31206-1750",(478) 228-8978,https://www.bbb.org/us/ga/macon/profile/roofing-contractors/tnt-roofing-construction-0743-108981,,11,,5.013461538461538
,B+,2002-06-01T00:00:00,D & D Roofing,Construction Services| Roofing Contractors| Plumber ...,,1,2,,,,"108 Grindstaff Dr Bonaire , GA 31005-4766",(478) 213-5779,https://www.bbb.org/us/ga/bonaire/profile/roofing-contractors/d-d-roofing-0743-9001147,,9,7811.0,4.507569081404033
,A-,2013-01-01T00:00:00,Whitt's Quality Roofing Company,Roofing Contractors,http://www.whittsroofing.com,2,4,,,,"608 Ga Highway 49 N Byron , GA 31008-4046",(478) 286-0392,https://www.bbb.org/us/ga/byron/profile/roofing-contractors/whitts-quality-roofing-company-0743-36035,,10,3944.0,4.037529873039582
,NR,1926-01-01T00:00:00,Pittman Waller Roofing Co. Inc.,Roofing Contractors,http://www.pittmanwaller.com,0,0,,,,"527 Hillcrest Industrial Blvd. Macon , GA 31204",(478) 743-1336,https://www.bbb.org/us/ga/macon/profile/roofing-contractors/pittman-waller-roofing-co-inc-0743-2748,,-1,35721.0,2.5744660194174758
,C,2019-08-27T00:00:00,Express Roofing & Remodeling 1 LLC,Roofing Contractors,,1,2,,,,"827 Collins Ave Warner Robins , GA 31093-6859",(678) 994-8854,https://www.bbb.org/us/ga/warner-robins/profile/roofing-contractors/express-roofing-remodeling-1-llc-0743-107345,,5,1515.0,2.2029686333084393
,NR,1967-01-01T00:00:00,"R & M Ballard Roofing, LLC",Roofing Contractors,,0,0,,,,"2346 Kensington Rd Macon , GA 31211-2210",(478) 750-0403,https://www.bbb.org/us/ga/macon/profile/roofing-contractors/r-m-ballard-roofing-llc-0743-9001267,,-1,20746.0,1.4840533980582524
,NR,1970-01-01T00:00:00,Mimbs Roofing,Roofing Contractors| Floor Installation| Flooring Contractors ...,,0,0,1.0,1.0,,"4248 Donnan Rd Macon , GA 31217-6038",(478) 321-5534,https://www.bbb.org/us/ga/macon/profile/roofing-contractors/mimbs-roofing-0743-5000592,,-1,19650.0,1.404247572815534
,NR,1980-01-01T00:00:00,J. D. Roofers & Inc.,Roofing Contractors,,0,0,,,,"3834 Ridge Avenue Macon , GA 31204",(478) 785-5769,https://www.bbb.org/us/ga/macon/profile/roofing-contractors/j-d-roofers-inc-0743-9001215,,-1,15998.0,1.1383252427184465
,NR,1981-01-01T00:00:00,RoofCore International,Construction Services| Roofing Contractors| Plumber ...,http://www.roofcore.com,0,0,,,,"921 Benson Ham Rd Forsyth , GA 31029-8570",(478) 750-8000,https://www.bbb.org/us/ga/forsyth/profile/roofing-contractors/roofcore-international-0743-5468,,-1,15632.0,1.1116747572815535
,F,1985-09-03T00:00:00,Middle GA Roofing,Roofing Contractors| Roofing Consultants,,0,3,,,,"PO Box 4221 Macon , GA 31208-4221",(478) 738-2211,https://www.bbb.org/us/ga/macon/profile/roofing-contractors/middle-ga-roofing-0743-2710,,0,13926.0,1.0739899178491412
,NR,1982-10-01T00:00:00,Thomas Chambliss Roofing,Roofing Contractors| Floor Installation| Flooring Contractors ...,,0,0,,,,"619 Shi Rd Macon , GA 31220-4315",(478) 361-3207,https://www.bbb.org/us/ga/macon/profile/roofing-contractors/thomas-chambliss-roofing-0743-7993,,-1,14994.0,1.0652184466019416
,NR,1984-01-01T00:00:00,Gray's Roofing,Construction Services| Roofing Contractors| Residential Painter,,0,0,,,,"112 Piney Grove Cir Kathleen , GA 31047-2631",(478) 960-1006,https://www.bbb.org/us/ga/kathleen/profile/roofing-contractors/grays-roofing-0743-18538,,-1,14537.0,1.0319417475728154
,NR,1988-01-01T00:00:00,Hobbs Roofing & Home Improvements,Construction Services| Roofing Contractors| Residential Painter,,0,0,,,,"107 Southwind Drive Kathleen , GA 31047-3301",(478) 953-7576,https://www.bbb.org/us/ga/kathleen/profile/roofing-contractors/hobbs-roofing-home-improvements-0743-9000601,,-1,13076.0,0.9255582524271844
,NR,1988-01-01T00:00:00,Amazing Grace Roofing & Contracting,Roofing Contractors| Construction Services| Painting Contractors ...,,0,0,,,,"115 S 2nd St Warner Robins , GA 31088-4723",(478) 396-2941,https://www.bbb.org/us/ga/warner-robins/profile/roofing-contractors/amazing-grace-roofing-contracting-0743-39708,,-1,13076.0,0.9255582524271844
,F,2011-04-20T00:00:00,"All Star Roofing and Construction, Inc.",Roofing Contractors| Construction Services| Painting Contractors ...,,0,0,,,,"1075 Johnstonville Rd Barnesville , GA 30204",(770) 940-0524,https://www.bbb.org/us/ga/barnesville/profile/roofing-contractors/all-star-roofing-and-construction-inc-0443-36720,,0,4566.0,0.7674365197908888
,NR,1994-01-01T00:00:00,Buice Roofing & Repairs,Roofing Contractors,,0,0,,,,"Gray , GA 31032",(478) 318-0792,https://www.bbb.org/us/ga/gray/profile/roofing-contractors/buice-roofing-repairs-0743-23653,,-1,10884.0,0.7659466019417476
,NR,1996-06-01T00:00:00,White's Roofing Company,Roofing Contractors,http://www.activemember.com/whitesroofingcompany/,0,0,,,,"Warner Robins , GA 31093-7567",(478) 953-6674,https://www.bbb.org/us/ga/warner-robins/profile/roofing-contractors/whites-roofing-company-0743-90003679,,-1,10002.0,0.7017233009708738
,NR,1997-01-01T00:00:00,"CBS Roofing & Waterproofing, Inc.",Roofing Contractors,http://www.cbsroofing.net,0,0,,,,"2076 Graham Rd Macon , GA 31211-6624",(478) 788-9979,https://www.bbb.org/us/ga/macon/profile/roofing-contractors/cbs-roofing-waterproofing-inc-0743-24299,,-1,9788.0,0.6861407766990292
,NR,1999-01-01T00:00:00,Simmons Roofing,Roofing Contractors| Floor Installation| Flooring Contractors ...,,0,0,,,,"404 Bowers Drive Macon , GA 31217",(478) 746-4692,https://www.bbb.org/us/ga/macon/profile/roofing-contractors/simmons-roofing-0743-6002738,,-1,9058.0,0.632985436893204
,NR,1999-08-17T00:00:00,"Robertson Construction, Inc.",Roofing Contractors| Roofing Consultants,http://www.robertsonconstructioninc.com,0,0,,,,"1286 Jeffery Rd Tallahassee , FL 32312-9623",(850) 251-7788,https://www.bbb.org/us/fl/tallahassee/profile/roofing-contractors/robertson-construction-inc-0403-235966322,,-1,8830.0,0.6163834951456311
,NR,2002-01-01T00:00:00,"Roof Systems, Inc.",Roofing Contractors| Roofing Consultants,,0,0,,,,"285 Edward Drive Macon , GA 31216",(478) 784-7844,https://www.bbb.org/us/ga/macon/profile/roofing-contractors/roof-systems-inc-0743-6002034,,-1,7962.0,0.5531796116504855
,NR,2002-02-01T00:00:00,Apple Roofing and Construction,Roofing Contractors| Floor Installation| Flooring Contractors ...,http://appleroofingandconstruction.com/,0,0,,,,"1080 Westminister Cir Macon , GA 31220-3501",(478) 361-2174,https://www.bbb.org/us/ga/macon/profile/real-estate/apple-roofing-and-construction-0743-43084,,-1,7931.0,0.5509223300970874
,NR,2004-09-03T00:00:00,EGM Construction Services LLC,Roofing Contractors,,0,0,,,,"603 N Davis Dr Warner Robins , GA 31093",(478) 225-9446,https://www.bbb.org/us/ga/warner-robins/profile/roofing-contractors/egm-construction-services-llc-0743-45266,,-1,6986.0,0.4821116504854369
,NR,2005-01-03T00:00:00,BCB Contractors Co.,Roofing Contractors,,0,0,,,,"104 Murray Pl Warner Robins , GA 31088-4220",(229) 313-3872,https://www.bbb.org/us/ga/warner-robins/profile/general-contractor/bcb-contractors-co-0743-45315,,-1,6864.0,0.4732281553398059
,NR,2005-04-01T00:00:00,Bruce Bass Roofing,Roofing Contractors| Floor Installation| Flooring Contractors ...,,0,0,,,,"162 Forestwood Dr Macon , GA 31217-7507",(478) 745-8338,https://www.bbb.org/us/ga/macon/profile/roofing-contractors/bruce-bass-roofing-0743-11049,,-1,6776.0,0.46682038834951456
,NR,2008-08-22T00:00:00,"American Shingle & Siding, Inc.",Roofing Contractors,http://www.americanshingle.com,0,0,1.0,1.0,,"Douglasville , GA 30134-5614",(478) 845-4090,https://www.bbb.org/us/ga/douglasville/profile/roofing-contractors/american-shingle-siding-inc-0443-27257184,,-1,5537.0,0.3766019417475728
,NR,2009-07-14T00:00:00,"D & H Remodeling and Repairs, LLC",Construction Services| Roofing Contractors| Plumber ...,,0,0,,,,"1018 Broken Arrow Trl Forsyth , GA 31029-8226",(478) 256-7699,https://www.bbb.org/us/ga/forsyth/profile/construction-services/d-h-remodeling-and-repairs-llc-0743-25773,,-1,5211.0,0.3528640776699029
,NR,2009-10-01T00:00:00,Georgia Roofing & Construction,Fire and Water Damage Restoration| Roofing Contractors| Construction Services ...,,0,0,,,,"4100 Riverside Dr Ste 115 Macon , GA 31210-0215",(770) 222-3535,https://www.bbb.org/us/ga/macon/profile/roofing-contractors/georgia-roofing-construction-0743-26548,,-1,5132.0,0.3471116504854369
,NR,2015-12-18T00:00:00,Macon Roofing and Siding,Fire and Water Damage Restoration| Roofing Contractors| Construction Services ...,http://www.maconroofingandsiding.com,0,0,1.0,2.0,,"225 Smithville Church Rd STE 400Z Warner Robins , GA 31088-9092",(478) 257-4795,https://www.bbb.org/us/ga/warner-robins/profile/roofing-contractors/macon-roofing-and-siding-0743-42615,,-1,2863.0,0.18189320388349514
,F,2010-01-01T00:00:00,Choice Roofing & Construction,Roofing Contractors| Construction Services| Painting Contractors ...,https://facebook.com/pg/Choice-Roofing-LLC-1527297844006617/posts/,0,5,1.0,2.0,,"38 Wright Ave Roberta , GA 31078-4932",(478) 832-8569,https://www.bbb.org/us/ga/roberta/profile/roofing-contractors/choice-roofing-construction-0743-93920,,0,5040.0,0.1769510828976849
,NR,,Skeeter Moncrief,Roofing Contractors| Construction Services| Painting Contractors ...,,0,0,,,,"336 Riley Rd Flovilla , GA 30216-2130",(770) 468-3977,https://www.bbb.org/us/ga/flovilla/profile/roofing-contractors/skeeter-moncrief-0443-22128,,-1,,0.0
,NR,,Ronald Smith Roofing,Roofing Contractors| Roofing Consultants,,0,0,,,,"3709 Greenbriar Ct Macon , GA 31204-4222",(478) 477-8564,https://www.bbb.org/us/ga/macon/profile/roofing-contractors/ronald-smith-roofing-0743-22070,,-1,,0.0
,NR,,Pedro Garcia Roofing,Roofing Contractors| Handyman| Home Improvement,,0,0,,,,"958 Sylvian Dr Macon , GA 31206-2549",(478) 788-7511,https://www.bbb.org/us/ga/macon/profile/roofing-contractors/pedro-garcia-roofing-0743-21788,,-1,,0.0
,NR,,Dollar-N-Sons LLC,Roofing Contractors,,0,0,,,,"2987 N. Columbia St. NE Milledgeville , GA 31061",(478) 452-1306,https://www.bbb.org/us/ga/milledgeville/profile/general-contractor/dollar-n-sons-llc-0743-20838,,-1,,0.0
,NR,,Contracting Services,Construction Services| Roofing Contractors| Residential Painter,,0,0,,,,"211 Castlebury Cir Kathleen , GA 31047-3309",(478) 867-2824,https://www.bbb.org/us/ga/kathleen/profile/roofing-contractors/contracting-services-0743-103551,,-1,,0.0
,NR,,"B & B Masonry, Inc",Roofing Contractors,,0,0,,,,"4343 Vallie Ct Macon , GA 31204-4719",(478) 474-5996,https://www.bbb.org/us/ga/macon/profile/mason-contractors/b-b-masonry-inc-0743-24078,,-1,,0.0
,NR,,"Roberts Roofing, LLC",Construction Services| Roofing Contractors| Residential Painter,https://www.facebook.com/robertsroofing31061/,0,0,,,,"1351 Ga Highway 22 E Haddock , GA 31033",(478) 454-4025,https://www.bbb.org/us/ga/haddock/profile/roofing-contractors/roberts-roofing-llc-0743-91822836,,-1,,0.0
,NR,,Craddock Brothers Enterprises,Roofing Contractors,,0,0,,,,"1206 Dunbar Rd Warner Robins , GA 31093-3806",(478) 256-4140,https://www.bbb.org/us/ga/warner-robins/profile/roofing-contractors/craddock-brothers-enterprises-0743-22797,,-1,,0.0
,NR,,Harper Roofing,Roofing Contractors| Construction Services| Painting Contractors ...,,0,0,,,,"6942 Ga Highway 83 S Monticello , GA 31064-7109",(706) 468-6465,https://www.bbb.org/us/ga/monticello/profile/roofing-contractors/harper-roofing-0443-27771129,,-1,,0.0
,F,2017-02-02T00:00:00,Infront Industries,Roofing Contractors| Construction Services| Painting Contractors ...,http://www.infrontroofing.com,1,4,1.0,1.0,,"154 S Houston Lake Rd STE 800 Warner Robins , GA 31088-9016",(478) 396-5304,https://www.bbb.org/us/ga/warner-robins/profile/roofing-contractors/infront-industries-0743-45561,,0,2451.0,-0.2865683345780433
,F,2011-10-01T00:00:00,"Amtech Roofing, LLC",Roofing Contractors,https://www.amtechroofing.net,3,4,1.0,2.0,,"3421 US Highway 41 N STE 600 Byron , GA 31008-3361",(478) 218-0869,https://www.bbb.org/us/ga/byron/profile/roofing-contractors/amtech-roofing-llc-0743-35033,,0,4402.0,-0.9445052277819268
